<?xml version="1.0" encoding="UTF-8"?>
<project-private xmlns="http://www.netbeans.org/ns/project-private/1">
    <editor-bookmarks xmlns="http://www.netbeans.org/ns/editor-bookmarks/2" lastBookmarkId="0"/>
    <open-files xmlns="http://www.netbeans.org/ns/projectui-open-files/2">
        <group>
            <file>file:/C:/xampp/htdocs/LUCAS/SCE%20-%20JAVA/SCE/src/java/sce/com/bean/Usuario.java</file>
            <file>file:/C:/xampp/htdocs/LUCAS/SCE%20-%20JAVA/SCE/web/gerenciarProduto.xhtml</file>
            <file>file:/C:/xampp/htdocs/LUCAS/SCE%20-%20JAVA/SCE/web/index.xhtml</file>
            <file>file:/C:/xampp/htdocs/LUCAS/SCE%20-%20JAVA/SCE/web/login.xhtml</file>
            <file>file:/C:/xampp/htdocs/LUCAS/SCE%20-%20JAVA/SCE/web/gerenciarUsuarios.xhtml</file>
            <file>file:/C:/xampp/htdocs/LUCAS/SCE%20-%20JAVA/SCE/web/home.xhtml</file>
            <file>file:/C:/xampp/htdocs/LUCAS/SCE%20-%20JAVA/SCE/web/cadastrarLogin.xhtml</file>
            <file>file:/C:/xampp/htdocs/LUCAS/SCE%20-%20JAVA/SCE/src/java/sce/com/bean/ProdutoBean.java</file>
            <file>file:/C:/xampp/htdocs/LUCAS/SCE%20-%20JAVA/SCE/web/cadastrarProduto.xhtml</file>
            <file>file:/C:/xampp/htdocs/LUCAS/SCE%20-%20JAVA/SCE/src/java/sce/com/bean/Produto.java</file>
            <file>file:/C:/xampp/htdocs/LUCAS/SCE%20-%20JAVA/SCE/src/java/sce/com/conexao/Conexao.java</file>
            <file>file:/C:/xampp/htdocs/LUCAS/SCE%20-%20JAVA/SCE/src/java/sce/com/bean/LoginBean.java</file>
            <file>file:/C:/xampp/htdocs/LUCAS/SCE%20-%20JAVA/SCE/src/java/sce/com/bean/UsuarioBean.java</file>
            <file>file:/C:/xampp/htdocs/LUCAS/SCE%20-%20JAVA/SCE/web/visualizarProdutos.xhtml</file>
        </group>
    </open-files>
</project-private>
